{"input_shape": [110, 26], "output_days": 5, "price_scaler_params": {"scale_": [2.777777777777778e-05, 2.7173913043478262e-05, 2.7247956403269754e-05, 2.7397260273972603e-05], "min_": [-2.163888888888889, -2.0896739130434785, -2.1444141689373297, -2.0712328767123287], "data_min_": [77900.0, 76900.0, 78700.0, 75600.0], "data_max_": [113900.0, 113700.0, 115400.0, 112100.0], "data_range_": [36000.0, 36800.0, 36700.0, 36500.0]}}